skeleton_id,family_id,family_label,skeleton_label,method,serving_mass_g,serving_min_g,serving_max_g,duration_min,duration_default,duration_max,steps,source
sauce_mixee,sauce_froide,Sauces froides et émulsions,Sauce mixée à cru (type pesto),raw,40,20,70,,,,Mixer ou piler finement {herbe;fruit_sec;aromatique;fromage}. | Ajouter {matiere_grasse} progressivement jusqu'à obtenir une texture souple. | Relever avec {acide;assaisonnement} et détendre avec un peu d'eau si nécessaire.,MaestroPesto — curation interne d'après la recette de démonstration « Pesto maison »
emulsion,sauce_froide,Sauces froides et émulsions,Émulsion montée (type mayonnaise),raw,35,20,60,,,,Fouetter {emulsifiant;condiment}[ avec {assaisonnement}]. | Incorporer {matiere_grasse} en filet en fouettant sans arrêt. | Ajouter {acide;aromatique} en fin de préparation.,MaestroPesto — curation interne d'après la recette de démonstration « Mayonnaise maison »
legumes_mijotes,legumes_mijotes,Légumes mijotés et soupes,Légumes mijotés (type ratatouille),stewed,300,150,500,20,45,90,Couper {legume} en dés. | Faire revenir {aromatique} dans {matiere_grasse}. | Ajouter {legume;herbe;epice}. | Laisser mijoter {duree} min à couvert en remuant de temps en temps. | Rectifier l'assaisonnement avec {assaisonnement}.,MaestroPesto — curation interne d'après la recette de démonstration « Ratatouille »
soupe,legumes_mijotes,Légumes mijotés et soupes,Soupe ou velouté mixé,boiled,300,200,450,10,25,45,Faire revenir {aromatique}[ dans {matiere_grasse}] 5 min. | Ajouter {legume} en morceaux et {liquide} ; porter à ébullition puis cuire {duree} min. | Mixer finement[ avec {finition}] puis relever avec {herbe;epice;assaisonnement}.,MaestroPesto — curation interne (soupe de légumes mixée)
creme_cuite,creme_lactee,Crèmes et desserts lactés,Crème cuite liée (type crème pâtissière),boiled,120,70,200,,,,Faire chauffer {base_lactee}[ avec {arome}]. | Fouetter {liant_oeuf} avec {sucrant}[ puis incorporer {epaississant}]. | Verser {base_lactee} chaud sur le mélange en fouettant. | Remettre sur feu moyen et cuire jusqu'à épaississement (85 °C) en fouettant. | Réfrigérer 2 h au contact d'un film.,MaestroPesto — curation interne d'après la recette de démonstration « Crème pâtissière à la vanille »
creme_gelifiee,creme_lactee,Crèmes et desserts lactés,Crème prise gélifiée (type panna cotta),boiled,140,80,220,,,,Faire ramollir {gelifiant} dans l'eau froide. | Chauffer {base_lactee} avec {sucrant}[ et {arome}] sans bouillir. | Incorporer {gelifiant} essorée hors du feu et verser en verrines. | Réfrigérer 4 h pour laisser prendre. | Mixer {fruit} et napper au moment de servir.,MaestroPesto — curation interne d'après la recette de démonstration « Panna cotta »
confiture,conserve_sucree,Conserves sucrées,Confiture de fruits,boiled,90,50,150,10,20,40,Couper {fruit} et les mélanger avec {sucrant;acide;arome} ; laisser macérer 2 h. | Porter à ébullition puis cuire {duree} min à feu vif en remuant. | Ajouter {gelifiant} mélangée à un peu de sucre et bouillir encore 2 min. | Mettre en pots chauds et laisser refroidir.,MaestroPesto — curation interne d'après la recette de démonstration « Confiture de fraises »
libre_cru,libre,Libre (Pure Innovation),Assemblage à cru,raw,250,100,600,,,,Mélanger {*}. | Réserver au frais jusqu'au service.,MaestroPesto — procédé générique (Pure Innovation)
libre_mijote,libre,Libre (Pure Innovation),Mijotage à couvert,stewed,250,100,600,10,40,120,Faire mijoter {*} {duree} min à couvert.,MaestroPesto — procédé générique (Pure Innovation)
libre_bouilli,libre,Libre (Pure Innovation),Cuisson à l'eau,boiled,250,100,600,5,20,60,Porter {*} à ébullition puis cuire {duree} min en remuant.,MaestroPesto — procédé générique (Pure Innovation)
libre_four,libre,Libre (Pure Innovation),Cuisson au four,roasted,250,100,600,10,35,90,Préchauffer le four à 180 °C. | Enfourner {*} {duree} min à 180 °C.,MaestroPesto — procédé générique (Pure Innovation)
libre_poele,libre,Libre (Pure Innovation),Cuisson à la poêle,sauteed,250,100,600,3,10,30,Faire revenir {*} {duree} min à la poêle.,MaestroPesto — procédé générique (Pure Innovation)
libre_vapeur,libre,Libre (Pure Innovation),Cuisson à la vapeur,steamed,250,100,600,5,15,40,Cuire {*} à la vapeur {duree} min.,MaestroPesto — procédé générique (Pure Innovation)
