ingredient_id,declared_tags,inferred_tags,removed_tags,note
ING-PLANT-AMANDE-000001,nuts,,,
ING-PLANT-AMANDETORRFI-000001,nuts,,,
ING-TECH-BEURREDEAMAN-000001,nuts,,,
ING-PLANT-NOISETTE-000001,nuts,,,
ING-PLANT-NOISETTETORR-000001,nuts,,,
ING-TECH-BEURREDENOIS-000001,nuts,,,
ING-PLANT-NOIX-000001,nuts,,,
ING-PLANT-NOIXTORRFIE-000001,nuts,,,
ING-PLANT-PISTACHE-000001,nuts,,,
ING-PLANT-PISTACHETORR-000001,nuts,,,
ING-TECH-BEURREDEPIST-000001,nuts,,,
ING-PLANT-CAJOU-000001,nuts,,,
ING-PLANT-CAJOUTORRFIE-000001,nuts,,,
ING-TECH-BEURREDECAJO-000001,nuts,,,
ING-PLANT-PCAN-000001,nuts,,,
ING-PLANT-PCANTORRFIE-000001,nuts,,,
ING-PLANT-NOIXDUBRSIL-000001,nuts,,,
ING-PLANT-NOIXDUBRSILT-000001,nuts,,,
ING-TECH-BEURREDENOIX-000001,nuts,,,
ING-PLANT-NOIXDEMACADA-000001,nuts,,,
ING-PLANT-NOIXDEMACADA-000002,nuts,,,
ING-TECH-BEURREDENOIX-000002,nuts,,,
ING-PLANT-PIGNONDEPIN-000001,nuts,,,
ING-PLANT-PIGNONDEPINT-000001,nuts,,,
ING-PLANT-CHTAIGNE-000001,nuts,,,
ING-PLANT-CHTAIGNETORR-000001,nuts,,,
ING-PLANT-ARACHIDE-000001,peanuts,,,
ING-PLANT-ARACHIDETORR-000001,peanuts,,,
ING-TECH-BEURREDEARAC-000001,peanuts,,,
ING-PLANT-CLERIRAVE-000001,,celery,,
ING-PLANT-CLERIBRANCHE-000001,,celery,,
ING-PLANT-SOJA-000001,,soy,,
ING-PLANT-SOJACUIT-000001,,soy,,
ING-PLANT-LUPIN-000001,,lupin,,
ING-PLANT-LUPINCUIT-000001,,lupin,,
ING-PLANT-BLTENDRE-000001,,gluten,,
ING-TECH-FARINEDEBLTE-000001,gluten,,,
ING-TECH-FLOCONSDEBLT-000001,gluten,,,
ING-PLANT-BLDUR-000001,,gluten,,
ING-TECH-FARINEDEBLDU-000001,gluten,,,
ING-TECH-FLOCONSDEBLD-000001,gluten,,,
ING-PLANT-PEAUTRE-000001,,gluten,,
ING-TECH-FARINEDEPEAU-000001,gluten,,,
ING-TECH-FLOCONSDEPEA-000001,gluten,,,
ING-PLANT-SEIGLE-000001,,gluten,,
ING-TECH-FARINEDESEIG-000001,gluten,,,
ING-TECH-FLOCONSDESEI-000001,gluten,,,
ING-PLANT-ORGE-000001,,gluten,,
ING-TECH-FARINEDEORGE-000001,gluten,,,
ING-TECH-FLOCONSDEORG-000001,gluten,,,
ING-PLANT-AVOINE-000001,,gluten,,
ING-TECH-FARINEDEAVOI-000001,,gluten,,
ING-TECH-FLOCONSDEAVO-000001,,gluten,,
ING-PLANT-GRAINEDESSAM-000001,sesame,,,
ING-PLANT-GRAINEDEMOUT-000001,,mustard,,
ING-PLANT-CLERIBRANCHE-000002,,celery,,
ING-MARINE-SAUMON-000001,,fish,,
ING-MARINE-THON-000001,,fish,,
ING-MARINE-CABILLAUD-000001,,fish,,
ING-MARINE-LIEUNOIR-000001,,fish,,
ING-MARINE-SOLE-000001,,fish,,
ING-MARINE-BAR-000001,,fish,,
ING-MARINE-DORADE-000001,,fish,,
ING-MARINE-TRUITE-000001,,fish,,
ING-MARINE-MAQUEREAU-000001,,fish,,
ING-MARINE-SARDINE-000001,,fish,,
ING-MARINE-ANCHOIS-000001,,fish,,
ING-MARINE-HARENG-000001,,fish,,
ING-MARINE-COLIN-000001,,fish,,
ING-MARINE-HADDOCKFUM-000001,,fish,,
ING-MARINE-ESPADON-000001,,fish,,
ING-MARINE-CREVETTE-000001,crustaceans,,,
ING-MARINE-LANGOUSTE-000001,crustaceans,,,
ING-MARINE-HOMARD-000001,crustaceans,,,
ING-MARINE-CRABE-000001,crustaceans,,,
ING-MARINE-CREVISSE-000001,crustaceans,,,
ING-MARINE-HUTRE-000001,mollusks,,,
ING-MARINE-MOULE-000001,mollusks,,,
ING-MARINE-COQUILLESAIN-000001,mollusks,,,
ING-MARINE-PALOURDE-000001,mollusks,,,
ING-MARINE-BULOT-000001,mollusks,,,
ING-MARINE-CALMAR-000001,mollusks,,,
ING-MARINE-POULPE-000001,mollusks,,,
ING-MARINE-SEICHE-000001,mollusks,,,
ING-DAIRY-LAITENTIER-000001,,milk,,
ING-DAIRY-LAITDEMICRM-000001,,milk,,
ING-DAIRY-LAITCRM-000001,,milk,,
ING-DAIRY-LAITCRU-000001,,milk,,
ING-DAIRY-LAITUHT-000001,,milk,,
ING-DAIRY-LAITCONCENTR-000001,,milk,,
ING-DAIRY-LAITCONCENTR-000002,,milk,,
ING-DAIRY-LAITENPOUDRE-000001,,milk,,
ING-DAIRY-LAITDECHVRE-000001,,milk,,
ING-DAIRY-LAITDEBREBIS-000001,,milk,,
ING-DAIRY-LAITDEJUMENT-000001,,milk,,
ING-DAIRY-CRMELIQUIDEE-000001,,milk,,
ING-DAIRY-CRMELIQUIDEA-000001,,milk,,
ING-DAIRY-CRMEPAISSE-000001,,milk,,
ING-DAIRY-CRMEDOUBLE-000001,,milk,,
ING-DAIRY-CRMEAIGRE-000001,,milk,,
ING-DAIRY-CRMEFRACHEDI-000001,,milk,,
ING-DAIRY-BABEURRE-000001,,milk,,
ING-DAIRY-BEURREDOUX-000001,,milk,,
ING-DAIRY-BEURREDEMISE-000001,,milk,,
ING-DAIRY-BEURRECLARIF-000001,,milk,,
ING-DAIRY-FROMAGEFRAIS-000001,milk,,,
ING-DAIRY-MOZZARELLA-000001,milk,,,
ING-DAIRY-RICOTTA-000001,milk,,,
ING-DAIRY-MASCARPONE-000001,milk,,,
ING-DAIRY-CHVREFRAIS-000001,milk,,,
ING-DAIRY-FETA-000001,milk,,,
ING-DAIRY-PARMIGIANORE-000001,milk,,,
ING-DAIRY-PECORINOROMA-000001,milk,,,
ING-DAIRY-COMT-000001,milk,,,
ING-DAIRY-EMMENTAL-000001,milk,,,
ING-DAIRY-GRUYRE-000001,milk,,,
ING-DAIRY-CAMEMBERT-000001,milk,,,
ING-DAIRY-BRIE-000001,milk,,,
ING-DAIRY-ROQUEFORT-000001,milk,,,
ING-DAIRY-CHEDDAR-000001,milk,,,
ING-DAIRY-GORGONZOLA-000001,milk,,,
ING-FERMENT-YAOURTNATURE-000001,milk,,,
ING-FERMENT-YAOURTGREC-000001,milk,,,
ING-FERMENT-KFIR-000001,milk,,,
ING-FERMENT-SKYR-000001,milk,,,
ING-FERMENT-LAITRIBOT-000001,milk,,,
ING-FERMENT-LASSINATURE-000001,milk,,,
ING-ANIMAL-UFDEPOULE-000001,eggs,,,
ING-ANIMAL-JAUNEDUF-000001,eggs,,,
ING-ANIMAL-BLANCDUF-000001,eggs,,,
ING-ANIMAL-UFDECANE-000001,eggs,,,
ING-ANIMAL-UFDECAILLE-000001,eggs,,,
ING-ANIMAL-UFDOIE-000001,eggs,,,
ING-TECH-HUILEDENOIX-000001,nuts,,,
ING-TECH-HUILEDENOISE-000001,nuts,,,
ING-TECH-HUILEDESSAME-000001,sesame,,,
ING-TECH-HUILEDARACHI-000001,peanuts,,,
ING-TECH-CHOCOLATAULA-000001,milk,,,
ING-TECH-LCITHINEDESO-000001,,soy,,
ING-FERMENT-LEVAINPTE-000001,,gluten,,
ING-TECH-VINAIGREDEVI-000001,,sulphites,,
ING-TECH-VINAIGREBALS-000001,,sulphites,,
ING-TECH-TAHINI-000001,sesame,,,
ING-TECH-CRMEDESSAME-000001,sesame,,,
ING-BEV-VINROUGE-000001,,sulphites,,
ING-BEV-VINBLANCSEC-000001,,sulphites,,
ING-BEV-VINBLANCMOEL-000001,,sulphites,,
ING-BEV-VINROS-000001,,sulphites,,
ING-BEV-VINJAUNE-000001,,sulphites,,
ING-BEV-VINDOUXNATUR-000001,,sulphites,,
ING-BEV-PORTO-000001,,sulphites,,
ING-BEV-XRSSHERRY-000001,,sulphites,,
ING-BEV-MADRE-000001,,sulphites,,
ING-BEV-CHAMPAGNEBRU-000001,,sulphites,,
ING-BEV-CRMANT-000001,,sulphites,,
ING-BEV-CIDREBRUT-000001,,sulphites,,
ING-BEV-CIDREDOUX-000001,,sulphites,,
ING-BEV-VERMOUTHROUG-000001,,sulphites,,
ING-BEV-VERMOUTHBLAN-000001,,sulphites,,
ING-BEV-BIREBLONDELA-000001,gluten,,,
ING-BEV-BIREAMBRE-000001,gluten,,,
ING-BEV-BIREIPA-000001,gluten,,,
ING-BEV-BIRESTOUT-000001,gluten,,,
ING-BEV-BIREDEBL-000001,gluten,,,
ING-BEV-BIREPILS-000001,gluten,,,
ING-BEV-BIRESANSALCO-000001,gluten,,,
ING-BEV-SOURBEER-000001,gluten,,,
ING-BEV-JUSDORANGE-000001,,,peanuts,Jus de fruit : pas d'arachide (étiquette erronée systématique de la catégorie « soft/ingrédient cocktail »).
ING-BEV-JUSDECITRON-000001,,,peanuts,Jus de fruit : pas d'arachide (étiquette erronée systématique de la catégorie « soft/ingrédient cocktail »).
ING-BEV-JUSDANANAS-000001,,,peanuts,Jus de fruit : pas d'arachide (étiquette erronée systématique de la catégorie « soft/ingrédient cocktail »).
ING-BEV-JUSDECRANBER-000001,,,peanuts,Jus de fruit : pas d'arachide (étiquette erronée systématique de la catégorie « soft/ingrédient cocktail »).
ING-BEV-JUSDETOMATE-000001,,,peanuts,Jus de légume : pas d'arachide (étiquette erronée systématique de la catégorie « soft/ingrédient cocktail »).
ING-BEV-JUSDEPOMME-000001,,,peanuts,Jus de fruit : pas d'arachide (étiquette erronée systématique de la catégorie « soft/ingrédient cocktail »).
ING-BEV-JUSDERAISIN-000001,,,peanuts,Jus de fruit : pas d'arachide (étiquette erronée systématique de la catégorie « soft/ingrédient cocktail »).
ING-BEV-SIROPDESUCRE-000001,,,peanuts,Sirop de sucre : pas d'arachide (étiquette erronée systématique de la catégorie « soft/ingrédient cocktail »).
ING-BEV-LAITDECOCO-000001,,,peanuts,La noix de coco n'est pas une arachide (étiquette erronée du référentiel).
ING-BEV-BOISSONDESOJ-000001,,soy,peanuts,Boisson à base de soja : soja et non arachide (étiquette erronée du référentiel).
ING-BEV-BOISSONDAVOI-000001,,gluten,peanuts,Boisson d'avoine : pas d'arachide (étiquette erronée du référentiel) ; l'avoine relève du gluten.
ING-BEV-BOISSONDAMAN-000001,,nuts,,
ING-BEV-BOISSONDERIZ-000001,,,peanuts,Boisson de riz : pas d'arachide (étiquette erronée du référentiel).
ING-BEV-KOMBUCHA-000001,,,peanuts,Thé fermenté : pas d'arachide (étiquette erronée systématique de la catégorie « soft/ingrédient cocktail »).
ING-BEV-TONICWATER-000001,,,peanuts,Boisson : pas d'arachide (étiquette erronée systématique de la catégorie « soft/ingrédient cocktail »).
ING-BEV-COLAGNRIQUE-000001,,,peanuts,Boisson : pas d'arachide (étiquette erronée systématique de la catégorie « soft/ingrédient cocktail »).
ING-COND-SAUCESOJA-000001,,gluten|soy,,
ING-COND-SAUCETAMARI-000001,,soy,,
ING-COND-SHOYU-000001,,soy,,
ING-COND-MISOBLANC-000001,,soy,,
ING-COND-MISOROUGE-000001,,soy,,
ING-COND-MISOJAUNE-000001,,soy,,
ING-COND-NATTO-000001,,soy,,
ING-COND-TEMPEH-000001,,soy,,
ING-COND-SAUCENUOCMM-000001,,fish,,
ING-COND-SAUCEDEPOISS-000001,,fish,,
ING-COND-SAUCEDHUTRE-000001,,mollusks,,
ING-COND-DASHI-000001,,fish,,
ING-COND-MOUTARDEDEDI-000001,mustard,,,
ING-COND-MOUTARDELANC-000001,mustard,,,
ING-COND-MOUTARDEDEME-000001,mustard,,,
ING-COND-MAYONNAISE-000001,eggs,,,
ING-FERMENT-LEVAINDESEIG-000001,,gluten,,
ING-FERMENT-LEVAINDEBL-000001,,gluten,,
ING-TECH-BOUILLONDEPO-000001,,fish,,
ING-TECH-BOUILLONDASH-000001,,fish,,
ING-TECH-BOUILLONMISO-000001,,soy,,
ING-TECH-LACTOSRUMPET-000001,,milk,,
ING-MIX-PTEBRISE-000001,,gluten|milk,,
ING-MIX-PTEFEUILLETE-000001,,gluten|milk,,
ING-MIX-PTESABLE-000001,,gluten|milk,,
ING-MIX-PTECHOUX-000001,,eggs|gluten|milk,,
ING-MIX-PTELEVE-000001,,gluten,,
ING-MIX-PTEPAIN-000001,,gluten,,
ING-MIX-PTEPIZZA-000001,,gluten,,
ING-MIX-PTETARTESUCR-000001,,gluten,,
ING-MIX-MAYONNAISEMA-000001,,eggs,,
