factor_id,food_group,method,yield_factor,fat_uptake_g,fat_retention,retention,confidence,source,note
PF-vegetable-boiled,vegetable,boiled,0.95,0,1,VITC:0.55|THIAMIN:0.70|RIBOFLAVINE:0.75|NIACINE:0.70|VITB6:0.70|FOLATES:0.55|VITA:0.90|CAROTENE_B:0.90|VITE:0.90|VITB5:0.75|MINERALS:0.85|K:0.75,0.5,Ordres de grandeur par groupe d'aliments : USDA Table of Nutrient Retention Factors Release 6 (2007) ; Bognár (2002),cuisson à l'eau égouttée : lessivage des vitamines hydrosolubles et du potassium
PF-vegetable-steamed,vegetable,steamed,0.97,0,1,VITC:0.75|THIAMIN:0.85|RIBOFLAVINE:0.90|NIACINE:0.85|VITB6:0.85|FOLATES:0.75|VITA:0.95|CAROTENE_B:0.95|VITE:0.95|VITB5:0.90|MINERALS:0.95|K:0.95,0.5,Ordres de grandeur par groupe d'aliments : USDA Table of Nutrient Retention Factors Release 6 (2007) ; Bognár (2002),vapeur : pertes hydrosolubles limitées
PF-vegetable-sauteed,vegetable,sauteed,0.85,0,1,VITC:0.75|THIAMIN:0.85|RIBOFLAVINE:0.90|NIACINE:0.85|VITB6:0.85|FOLATES:0.75|VITA:0.90|CAROTENE_B:0.90|VITE:0.90|VITB5:0.85,0.5,Ordres de grandeur par groupe d'aliments : USDA Table of Nutrient Retention Factors Release 6 (2007) ; Bognár (2002),poêlé : évaporation d'eau sans lessivage
PF-vegetable-roasted,vegetable,roasted,0.80,0,1,VITC:0.70|THIAMIN:0.80|RIBOFLAVINE:0.90|NIACINE:0.85|VITB6:0.80|FOLATES:0.70|VITA:0.90|CAROTENE_B:0.90|VITE:0.90|VITB5:0.85,0.5,Ordres de grandeur par groupe d'aliments : USDA Table of Nutrient Retention Factors Release 6 (2007) ; Bognár (2002),rôti au four : évaporation d'eau
PF-vegetable-grilled,vegetable,grilled,0.80,0,1,VITC:0.70|THIAMIN:0.80|RIBOFLAVINE:0.90|NIACINE:0.85|VITB6:0.80|FOLATES:0.70|VITA:0.90|CAROTENE_B:0.90|VITE:0.90|VITB5:0.85,0.5,Ordres de grandeur par groupe d'aliments : USDA Table of Nutrient Retention Factors Release 6 (2007) ; Bognár (2002),grillé : évaporation d'eau
PF-vegetable-fried,vegetable,fried,0.75,0,1,VITC:0.70|THIAMIN:0.80|RIBOFLAVINE:0.90|NIACINE:0.85|VITB6:0.80|FOLATES:0.70|VITA:0.85|CAROTENE_B:0.85|VITE:0.80|VITB5:0.85,0.5,Ordres de grandeur par groupe d'aliments : USDA Table of Nutrient Retention Factors Release 6 (2007) ; Bognár (2002),frit : forte évaporation d'eau (matière grasse comptée à part)
PF-vegetable-stewed,vegetable,stewed,1.00,0,1,VITC:0.60|THIAMIN:0.70|RIBOFLAVINE:0.85|NIACINE:0.80|VITB6:0.75|FOLATES:0.60|VITA:0.90|CAROTENE_B:0.90|VITE:0.90|VITB5:0.80,0.5,Ordres de grandeur par groupe d'aliments : USDA Table of Nutrient Retention Factors Release 6 (2007) ; Bognár (2002),mijoté : jus de cuisson consommé
PF-vegetable-baked,vegetable,baked,0.85,0,1,VITC:0.70|THIAMIN:0.80|RIBOFLAVINE:0.90|NIACINE:0.85|VITB6:0.80|FOLATES:0.70|VITA:0.90|CAROTENE_B:0.90|VITE:0.90|VITB5:0.85,0.5,Ordres de grandeur par groupe d'aliments : USDA Table of Nutrient Retention Factors Release 6 (2007) ; Bognár (2002),cuit au four dans une préparation
PF-legume-boiled,legume,boiled,2.40,0,1,VITC:0.60|THIAMIN:0.70|RIBOFLAVINE:0.80|NIACINE:0.75|VITB6:0.75|FOLATES:0.60|VITE:0.90|VITB5:0.75|MINERALS:0.85|K:0.70,0.5,Ordres de grandeur par groupe d'aliments : USDA Table of Nutrient Retention Factors Release 6 (2007) ; Bognár (2002),légumineuse sèche bouillie : absorption d'eau
PF-legume-stewed,legume,stewed,2.40,0,1,VITC:0.60|THIAMIN:0.70|RIBOFLAVINE:0.85|NIACINE:0.80|VITB6:0.75|FOLATES:0.60|VITE:0.90|VITB5:0.80,0.5,Ordres de grandeur par groupe d'aliments : USDA Table of Nutrient Retention Factors Release 6 (2007) ; Bognár (2002),légumineuse sèche mijotée : jus consommé
PF-legume-steamed,legume,steamed,2.20,0,1,VITC:0.70|THIAMIN:0.80|RIBOFLAVINE:0.90|NIACINE:0.85|VITB6:0.85|FOLATES:0.70|VITE:0.95|VITB5:0.85|MINERALS:0.95|K:0.90,0.5,Ordres de grandeur par groupe d'aliments : USDA Table of Nutrient Retention Factors Release 6 (2007) ; Bognár (2002),légumineuse sèche vapeur (après trempage)
PF-cereal-boiled,cereal,boiled,2.30,0,1,THIAMIN:0.65|RIBOFLAVINE:0.70|NIACINE:0.70|VITB6:0.75|FOLATES:0.60|VITE:0.90|VITB5:0.70|MINERALS:0.85|K:0.60,0.5,Ordres de grandeur par groupe d'aliments : USDA Table of Nutrient Retention Factors Release 6 (2007) ; Bognár (2002),céréale sèche bouillie : absorption d'eau (pâtes et riz 2 à 3 fois leur masse)
PF-cereal-steamed,cereal,steamed,2.00,0,1,THIAMIN:0.80|RIBOFLAVINE:0.85|NIACINE:0.85|VITB6:0.85|FOLATES:0.75|VITE:0.95|VITB5:0.85|MINERALS:0.95|K:0.90,0.5,Ordres de grandeur par groupe d'aliments : USDA Table of Nutrient Retention Factors Release 6 (2007) ; Bognár (2002),céréale vapeur (semoule gonflée)
PF-cereal-stewed,cereal,stewed,2.30,0,1,THIAMIN:0.75|RIBOFLAVINE:0.85|NIACINE:0.80|VITB6:0.80|FOLATES:0.70|VITE:0.90|VITB5:0.80,0.5,Ordres de grandeur par groupe d'aliments : USDA Table of Nutrient Retention Factors Release 6 (2007) ; Bognár (2002),céréale mijotée : liquide absorbé (risotto)
PF-cereal-baked,cereal,baked,0.90,0,1,THIAMIN:0.80|RIBOFLAVINE:0.95|NIACINE:0.95|VITB6:0.90|FOLATES:0.80|VITA:0.90|CAROTENE_B:0.90|VITE:0.90|VITB5:0.90,0.5,Ordres de grandeur par groupe d'aliments : USDA Table of Nutrient Retention Factors Release 6 (2007) ; Bognár (2002),farine cuite au four dans une pâte : évaporation d'eau
PF-cereal-roasted,cereal,roasted,0.95,0,1,THIAMIN:0.85|RIBOFLAVINE:0.95|NIACINE:0.95|VITB6:0.90|FOLATES:0.85|VITE:0.90|VITB5:0.90,0.5,Ordres de grandeur par groupe d'aliments : USDA Table of Nutrient Retention Factors Release 6 (2007) ; Bognár (2002),torréfié
PF-cereal-fried,cereal,fried,0.90,0,1,THIAMIN:0.80|RIBOFLAVINE:0.95|NIACINE:0.90|VITB6:0.90|FOLATES:0.80|VITE:0.85|VITB5:0.90,0.5,Ordres de grandeur par groupe d'aliments : USDA Table of Nutrient Retention Factors Release 6 (2007) ; Bognár (2002),frit (pâte ou chapelure)
PF-meat-roasted,meat,roasted,0.72,0,0.90,THIAMIN:0.75|RIBOFLAVINE:0.90|NIACINE:0.80|VITB6:0.70|FOLATES:0.75|VITB12:0.80|VITA:0.90|CAROTENE_B:0.90|VITE:0.90|VITD:0.90|VITB5:0.80|MINERALS:0.95|K:0.85,0.5,Ordres de grandeur par groupe d'aliments : USDA Table of Nutrient Retention Factors Release 6 (2007) ; Bognár (2002),rôti : exsudation et fonte de gras
PF-meat-grilled,meat,grilled,0.70,0,0.85,THIAMIN:0.70|RIBOFLAVINE:0.90|NIACINE:0.80|VITB6:0.70|FOLATES:0.75|VITB12:0.75|VITA:0.90|CAROTENE_B:0.90|VITE:0.90|VITD:0.90|VITB5:0.80|MINERALS:0.95|K:0.85,0.5,Ordres de grandeur par groupe d'aliments : USDA Table of Nutrient Retention Factors Release 6 (2007) ; Bognár (2002),grillé : exsudation et gras égoutté
PF-meat-sauteed,meat,sauteed,0.75,0,0.95,THIAMIN:0.80|RIBOFLAVINE:0.95|NIACINE:0.85|VITB6:0.80|FOLATES:0.80|VITB12:0.80|VITA:0.90|CAROTENE_B:0.90|VITE:0.90|VITD:0.90|VITB5:0.85|K:0.95,0.5,Ordres de grandeur par groupe d'aliments : USDA Table of Nutrient Retention Factors Release 6 (2007) ; Bognár (2002),poêlé : jus partiellement conservé
PF-meat-fried,meat,fried,0.72,0,0.95,THIAMIN:0.80|RIBOFLAVINE:0.95|NIACINE:0.85|VITB6:0.80|FOLATES:0.80|VITB12:0.80|VITA:0.85|CAROTENE_B:0.85|VITE:0.85|VITD:0.85|VITB5:0.85|K:0.95,0.5,Ordres de grandeur par groupe d'aliments : USDA Table of Nutrient Retention Factors Release 6 (2007) ; Bognár (2002),frit
PF-meat-stewed,meat,stewed,0.65,0,0.90,THIAMIN:0.60|RIBOFLAVINE:0.85|NIACINE:0.75|VITB6:0.60|FOLATES:0.60|VITB12:0.70|VITA:0.90|CAROTENE_B:0.90|VITE:0.90|VITD:0.90|VITB5:0.75,0.5,Ordres de grandeur par groupe d'aliments : USDA Table of Nutrient Retention Factors Release 6 (2007) ; Bognár (2002),braisé ou mijoté : sauce consommée
PF-meat-boiled,meat,boiled,0.70,0,0.85,THIAMIN:0.55|RIBOFLAVINE:0.80|NIACINE:0.65|VITB6:0.55|FOLATES:0.60|VITB12:0.70|VITA:0.90|CAROTENE_B:0.90|VITE:0.90|VITD:0.90|VITB5:0.70|MINERALS:0.80|K:0.60,0.5,Ordres de grandeur par groupe d'aliments : USDA Table of Nutrient Retention Factors Release 6 (2007) ; Bognár (2002),bouilli : bouillon non consommé
PF-meat-baked,meat,baked,0.75,0,0.90,THIAMIN:0.75|RIBOFLAVINE:0.90|NIACINE:0.80|VITB6:0.70|FOLATES:0.75|VITB12:0.80|VITA:0.90|CAROTENE_B:0.90|VITE:0.90|VITD:0.90|VITB5:0.80|MINERALS:0.95|K:0.90,0.5,Ordres de grandeur par groupe d'aliments : USDA Table of Nutrient Retention Factors Release 6 (2007) ; Bognár (2002),cuit au four dans une préparation
PF-meat-steamed,meat,steamed,0.78,0,0.95,THIAMIN:0.75|RIBOFLAVINE:0.90|NIACINE:0.80|VITB6:0.75|FOLATES:0.75|VITB12:0.80|VITA:0.90|CAROTENE_B:0.90|VITE:0.90|VITD:0.90|VITB5:0.80|MINERALS:0.95|K:0.90,0.5,Ordres de grandeur par groupe d'aliments : USDA Table of Nutrient Retention Factors Release 6 (2007) ; Bognár (2002),vapeur
PF-fish-roasted,fish,roasted,0.80,0,0.95,THIAMIN:0.80|RIBOFLAVINE:0.90|NIACINE:0.85|VITB6:0.85|FOLATES:0.80|VITB12:0.85|VITA:0.90|CAROTENE_B:0.90|VITE:0.90|VITD:0.90|VITB5:0.85|MINERALS:0.95|K:0.90,0.5,Ordres de grandeur par groupe d'aliments : USDA Table of Nutrient Retention Factors Release 6 (2007) ; Bognár (2002),rôti au four
PF-fish-grilled,fish,grilled,0.78,0,0.90,THIAMIN:0.80|RIBOFLAVINE:0.90|NIACINE:0.85|VITB6:0.85|FOLATES:0.80|VITB12:0.85|VITA:0.90|CAROTENE_B:0.90|VITE:0.90|VITD:0.90|VITB5:0.85|MINERALS:0.95|K:0.90,0.5,Ordres de grandeur par groupe d'aliments : USDA Table of Nutrient Retention Factors Release 6 (2007) ; Bognár (2002),grillé
PF-fish-sauteed,fish,sauteed,0.82,0,1,THIAMIN:0.85|RIBOFLAVINE:0.95|NIACINE:0.90|VITB6:0.85|FOLATES:0.80|VITB12:0.85|VITA:0.90|CAROTENE_B:0.90|VITE:0.90|VITD:0.90|VITB5:0.85|K:0.95,0.5,Ordres de grandeur par groupe d'aliments : USDA Table of Nutrient Retention Factors Release 6 (2007) ; Bognár (2002),poêlé
PF-fish-fried,fish,fried,0.80,0,1,THIAMIN:0.80|RIBOFLAVINE:0.95|NIACINE:0.85|VITB6:0.85|FOLATES:0.80|VITB12:0.85|VITA:0.85|CAROTENE_B:0.85|VITE:0.85|VITD:0.85|VITB5:0.85|K:0.95,0.5,Ordres de grandeur par groupe d'aliments : USDA Table of Nutrient Retention Factors Release 6 (2007) ; Bognár (2002),frit
PF-fish-steamed,fish,steamed,0.85,0,1,THIAMIN:0.85|RIBOFLAVINE:0.95|NIACINE:0.90|VITB6:0.85|FOLATES:0.85|VITB12:0.90|VITA:0.95|CAROTENE_B:0.95|VITE:0.95|VITD:0.95|VITB5:0.90|MINERALS:0.95|K:0.90,0.5,Ordres de grandeur par groupe d'aliments : USDA Table of Nutrient Retention Factors Release 6 (2007) ; Bognár (2002),vapeur
PF-fish-boiled,fish,boiled,0.85,0,1,THIAMIN:0.80|RIBOFLAVINE:0.90|NIACINE:0.80|VITB6:0.80|FOLATES:0.75|VITB12:0.85|VITA:0.95|CAROTENE_B:0.95|VITE:0.95|VITD:0.95|VITB5:0.80|MINERALS:0.85|K:0.75,0.5,Ordres de grandeur par groupe d'aliments : USDA Table of Nutrient Retention Factors Release 6 (2007) ; Bognár (2002),poché : pertes dans le liquide
PF-fish-stewed,fish,stewed,0.85,0,1,THIAMIN:0.80|RIBOFLAVINE:0.90|NIACINE:0.85|VITB6:0.80|FOLATES:0.75|VITB12:0.85|VITA:0.95|CAROTENE_B:0.95|VITE:0.95|VITD:0.95|VITB5:0.85,0.5,Ordres de grandeur par groupe d'aliments : USDA Table of Nutrient Retention Factors Release 6 (2007) ; Bognár (2002),mijoté : sauce consommée
PF-fish-baked,fish,baked,0.82,0,0.95,THIAMIN:0.80|RIBOFLAVINE:0.90|NIACINE:0.85|VITB6:0.85|FOLATES:0.80|VITB12:0.85|VITA:0.90|CAROTENE_B:0.90|VITE:0.90|VITD:0.90|VITB5:0.85|MINERALS:0.95|K:0.90,0.5,Ordres de grandeur par groupe d'aliments : USDA Table of Nutrient Retention Factors Release 6 (2007) ; Bognár (2002),cuit au four dans une préparation
PF-egg-boiled,egg,boiled,1.00,0,1,THIAMIN:0.85|RIBOFLAVINE:0.95|VITB6:0.90|FOLATES:0.75|VITB12:0.85|VITA:0.90|CAROTENE_B:0.90|VITE:0.90|VITD:0.90|VITB5:0.90,0.5,Ordres de grandeur par groupe d'aliments : USDA Table of Nutrient Retention Factors Release 6 (2007) ; Bognár (2002),œuf dur ou poché
PF-egg-steamed,egg,steamed,1.00,0,1,THIAMIN:0.85|RIBOFLAVINE:0.95|VITB6:0.90|FOLATES:0.75|VITB12:0.85|VITA:0.90|CAROTENE_B:0.90|VITE:0.90|VITD:0.90|VITB5:0.90,0.5,Ordres de grandeur par groupe d'aliments : USDA Table of Nutrient Retention Factors Release 6 (2007) ; Bognár (2002),vapeur
PF-egg-sauteed,egg,sauteed,0.90,0,1,THIAMIN:0.85|RIBOFLAVINE:0.95|VITB6:0.90|FOLATES:0.70|VITB12:0.80|VITA:0.85|CAROTENE_B:0.85|VITE:0.85|VITD:0.85|VITB5:0.90,0.5,Ordres de grandeur par groupe d'aliments : USDA Table of Nutrient Retention Factors Release 6 (2007) ; Bognár (2002),brouillé ou au plat
PF-egg-fried,egg,fried,0.90,0,1,THIAMIN:0.85|RIBOFLAVINE:0.95|VITB6:0.90|FOLATES:0.70|VITB12:0.80|VITA:0.85|CAROTENE_B:0.85|VITE:0.85|VITD:0.85|VITB5:0.90,0.5,Ordres de grandeur par groupe d'aliments : USDA Table of Nutrient Retention Factors Release 6 (2007) ; Bognár (2002),au plat
PF-egg-baked,egg,baked,0.90,0,1,THIAMIN:0.80|RIBOFLAVINE:0.90|VITB6:0.85|FOLATES:0.70|VITB12:0.75|VITA:0.85|CAROTENE_B:0.85|VITE:0.85|VITD:0.85|VITB5:0.85,0.5,Ordres de grandeur par groupe d'aliments : USDA Table of Nutrient Retention Factors Release 6 (2007) ; Bognár (2002),cuit au four dans une préparation
PF-egg-roasted,egg,roasted,0.90,0,1,THIAMIN:0.80|RIBOFLAVINE:0.90|VITB6:0.85|FOLATES:0.70|VITB12:0.75|VITA:0.85|CAROTENE_B:0.85|VITE:0.85|VITD:0.85|VITB5:0.85,0.5,Ordres de grandeur par groupe d'aliments : USDA Table of Nutrient Retention Factors Release 6 (2007) ; Bognár (2002),cuit au four
PF-egg-stewed,egg,stewed,1.00,0,1,THIAMIN:0.85|RIBOFLAVINE:0.95|VITB6:0.90|FOLATES:0.75|VITB12:0.85|VITA:0.90|CAROTENE_B:0.90|VITE:0.90|VITD:0.90|VITB5:0.90,0.5,Ordres de grandeur par groupe d'aliments : USDA Table of Nutrient Retention Factors Release 6 (2007) ; Bognár (2002),crème ou sauce liée
PF-dairy-boiled,dairy,boiled,0.95,0,1,VITC:0.75|THIAMIN:0.90|RIBOFLAVINE:0.95|VITB6:0.90|FOLATES:0.85|VITB12:0.90|VITA:0.95|CAROTENE_B:0.95|VITE:0.95|VITD:0.95|VITB5:0.90,0.5,Ordres de grandeur par groupe d'aliments : USDA Table of Nutrient Retention Factors Release 6 (2007) ; Bognár (2002),lait chauffé ou bouilli
PF-dairy-stewed,dairy,stewed,0.95,0,1,VITC:0.75|THIAMIN:0.90|RIBOFLAVINE:0.95|VITB6:0.90|FOLATES:0.85|VITB12:0.90|VITA:0.95|CAROTENE_B:0.95|VITE:0.95|VITD:0.95|VITB5:0.90,0.5,Ordres de grandeur par groupe d'aliments : USDA Table of Nutrient Retention Factors Release 6 (2007) ; Bognár (2002),sauce ou crème mijotée
PF-dairy-baked,dairy,baked,0.90,0,1,VITC:0.70|THIAMIN:0.85|RIBOFLAVINE:0.90|VITB6:0.85|FOLATES:0.80|VITB12:0.85|VITA:0.90|CAROTENE_B:0.90|VITE:0.90|VITD:0.90|VITB5:0.85,0.5,Ordres de grandeur par groupe d'aliments : USDA Table of Nutrient Retention Factors Release 6 (2007) ; Bognár (2002),gratiné ou cuit au four
PF-dairy-roasted,dairy,roasted,0.90,0,1,VITC:0.70|THIAMIN:0.85|RIBOFLAVINE:0.90|VITB6:0.85|FOLATES:0.80|VITB12:0.85|VITA:0.90|CAROTENE_B:0.90|VITE:0.90|VITD:0.90|VITB5:0.85,0.5,Ordres de grandeur par groupe d'aliments : USDA Table of Nutrient Retention Factors Release 6 (2007) ; Bognár (2002),cuit au four
PF-dairy-grilled,dairy,grilled,0.90,0,1,VITC:0.70|THIAMIN:0.85|RIBOFLAVINE:0.90|VITB6:0.85|FOLATES:0.80|VITB12:0.85|VITA:0.90|CAROTENE_B:0.90|VITE:0.90|VITD:0.90|VITB5:0.85,0.5,Ordres de grandeur par groupe d'aliments : USDA Table of Nutrient Retention Factors Release 6 (2007) ; Bognár (2002),grillé
PF-dairy-sauteed,dairy,sauteed,0.90,0,1,VITC:0.70|THIAMIN:0.85|RIBOFLAVINE:0.90|VITB6:0.85|FOLATES:0.80|VITB12:0.85|VITA:0.90|CAROTENE_B:0.90|VITE:0.90|VITD:0.90|VITB5:0.85,0.5,Ordres de grandeur par groupe d'aliments : USDA Table of Nutrient Retention Factors Release 6 (2007) ; Bognár (2002),poêlé
PF-dairy-steamed,dairy,steamed,0.95,0,1,VITC:0.75|THIAMIN:0.90|RIBOFLAVINE:0.95|VITB6:0.90|FOLATES:0.85|VITB12:0.90|VITA:0.95|CAROTENE_B:0.95|VITE:0.95|VITD:0.95|VITB5:0.90,0.5,Ordres de grandeur par groupe d'aliments : USDA Table of Nutrient Retention Factors Release 6 (2007) ; Bognár (2002),vapeur
PF-fruit-boiled,fruit,boiled,0.95,0,1,VITC:0.60|THIAMIN:0.80|RIBOFLAVINE:0.90|NIACINE:0.90|VITB6:0.80|FOLATES:0.70|VITA:0.90|CAROTENE_B:0.90|VITE:0.90|VITB5:0.85,0.5,Ordres de grandeur par groupe d'aliments : USDA Table of Nutrient Retention Factors Release 6 (2007) ; Bognár (2002),compote : jus conservé
PF-fruit-stewed,fruit,stewed,0.95,0,1,VITC:0.60|THIAMIN:0.80|RIBOFLAVINE:0.90|NIACINE:0.90|VITB6:0.80|FOLATES:0.70|VITA:0.90|CAROTENE_B:0.90|VITE:0.90|VITB5:0.85,0.5,Ordres de grandeur par groupe d'aliments : USDA Table of Nutrient Retention Factors Release 6 (2007) ; Bognár (2002),compoté ou poché au sirop
PF-fruit-baked,fruit,baked,0.85,0,1,VITC:0.65|THIAMIN:0.85|RIBOFLAVINE:0.90|NIACINE:0.90|VITB6:0.85|FOLATES:0.75|VITA:0.90|CAROTENE_B:0.90|VITE:0.90|VITB5:0.90,0.5,Ordres de grandeur par groupe d'aliments : USDA Table of Nutrient Retention Factors Release 6 (2007) ; Bognár (2002),cuit au four (tarte ou crumble)
PF-fruit-roasted,fruit,roasted,0.85,0,1,VITC:0.65|THIAMIN:0.85|RIBOFLAVINE:0.90|NIACINE:0.90|VITB6:0.85|FOLATES:0.75|VITA:0.90|CAROTENE_B:0.90|VITE:0.90|VITB5:0.90,0.5,Ordres de grandeur par groupe d'aliments : USDA Table of Nutrient Retention Factors Release 6 (2007) ; Bognár (2002),rôti au four
PF-fruit-grilled,fruit,grilled,0.85,0,1,VITC:0.65|THIAMIN:0.85|RIBOFLAVINE:0.90|NIACINE:0.90|VITB6:0.85|FOLATES:0.75|VITA:0.90|CAROTENE_B:0.90|VITE:0.90|VITB5:0.90,0.5,Ordres de grandeur par groupe d'aliments : USDA Table of Nutrient Retention Factors Release 6 (2007) ; Bognár (2002),grillé
PF-fruit-sauteed,fruit,sauteed,0.85,0,1,VITC:0.70|THIAMIN:0.85|RIBOFLAVINE:0.90|NIACINE:0.90|VITB6:0.85|FOLATES:0.75|VITA:0.90|CAROTENE_B:0.90|VITE:0.90|VITB5:0.90,0.5,Ordres de grandeur par groupe d'aliments : USDA Table of Nutrient Retention Factors Release 6 (2007) ; Bognár (2002),poêlé
PF-fruit-fried,fruit,fried,0.80,0,1,VITC:0.65|THIAMIN:0.80|RIBOFLAVINE:0.90|NIACINE:0.90|VITB6:0.80|FOLATES:0.70|VITA:0.85|CAROTENE_B:0.85|VITE:0.85|VITB5:0.85,0.5,Ordres de grandeur par groupe d'aliments : USDA Table of Nutrient Retention Factors Release 6 (2007) ; Bognár (2002),beignet
PF-fruit-steamed,fruit,steamed,0.95,0,1,VITC:0.75|THIAMIN:0.90|RIBOFLAVINE:0.95|NIACINE:0.95|VITB6:0.90|FOLATES:0.80|VITA:0.95|CAROTENE_B:0.95|VITE:0.95|VITB5:0.90,0.5,Ordres de grandeur par groupe d'aliments : USDA Table of Nutrient Retention Factors Release 6 (2007) ; Bognár (2002),vapeur
PF-mushroom-sauteed,mushroom,sauteed,0.70,0,1,THIAMIN:0.85|RIBOFLAVINE:0.90|NIACINE:0.85|VITB6:0.85|FOLATES:0.80|VITD:0.90|VITB5:0.85,0.5,Ordres de grandeur par groupe d'aliments : USDA Table of Nutrient Retention Factors Release 6 (2007) ; Bognár (2002),poêlé : forte évaporation d'eau
PF-mushroom-boiled,mushroom,boiled,0.85,0,1,THIAMIN:0.75|RIBOFLAVINE:0.75|NIACINE:0.70|VITB6:0.75|FOLATES:0.60|VITD:0.90|VITB5:0.75|MINERALS:0.85|K:0.70,0.5,Ordres de grandeur par groupe d'aliments : USDA Table of Nutrient Retention Factors Release 6 (2007) ; Bognár (2002),bouilli : lessivage
PF-mushroom-roasted,mushroom,roasted,0.75,0,1,THIAMIN:0.85|RIBOFLAVINE:0.90|NIACINE:0.85|VITB6:0.85|FOLATES:0.80|VITD:0.90|VITB5:0.85,0.5,Ordres de grandeur par groupe d'aliments : USDA Table of Nutrient Retention Factors Release 6 (2007) ; Bognár (2002),rôti
PF-mushroom-grilled,mushroom,grilled,0.75,0,1,THIAMIN:0.85|RIBOFLAVINE:0.90|NIACINE:0.85|VITB6:0.85|FOLATES:0.80|VITD:0.90|VITB5:0.85,0.5,Ordres de grandeur par groupe d'aliments : USDA Table of Nutrient Retention Factors Release 6 (2007) ; Bognár (2002),grillé
PF-mushroom-stewed,mushroom,stewed,0.80,0,1,THIAMIN:0.80|RIBOFLAVINE:0.85|NIACINE:0.80|VITB6:0.80|FOLATES:0.70|VITD:0.90|VITB5:0.80,0.5,Ordres de grandeur par groupe d'aliments : USDA Table of Nutrient Retention Factors Release 6 (2007) ; Bognár (2002),mijoté : jus consommé
PF-mushroom-fried,mushroom,fried,0.70,0,1,THIAMIN:0.80|RIBOFLAVINE:0.90|NIACINE:0.85|VITB6:0.80|FOLATES:0.75|VITD:0.90|VITB5:0.85,0.5,Ordres de grandeur par groupe d'aliments : USDA Table of Nutrient Retention Factors Release 6 (2007) ; Bognár (2002),frit
PF-mushroom-steamed,mushroom,steamed,0.85,0,1,THIAMIN:0.85|RIBOFLAVINE:0.90|NIACINE:0.85|VITB6:0.85|FOLATES:0.80|VITD:0.90|VITB5:0.85|MINERALS:0.95|K:0.90,0.5,Ordres de grandeur par groupe d'aliments : USDA Table of Nutrient Retention Factors Release 6 (2007) ; Bognár (2002),vapeur
PF-mushroom-baked,mushroom,baked,0.75,0,1,THIAMIN:0.85|RIBOFLAVINE:0.90|NIACINE:0.85|VITB6:0.85|FOLATES:0.80|VITD:0.90|VITB5:0.85,0.5,Ordres de grandeur par groupe d'aliments : USDA Table of Nutrient Retention Factors Release 6 (2007) ; Bognár (2002),cuit au four dans une préparation
PF-fat-fried,fat,fried,0.10,0,0.10,VITA:0.90|CAROTENE_B:0.90|VITE:0.70|VITD:0.90,0.4,Ordres de grandeur par groupe d'aliments : USDA Table of Nutrient Retention Factors Release 6 (2007) ; Bognár (2002),bain de friture : environ 10 % de l'huile absorbée par les aliments (ordre de grandeur)
PF-other-boiled,other,boiled,1.00,0,1,VITC:0.60|THIAMIN:0.75|RIBOFLAVINE:0.85|NIACINE:0.80|VITB6:0.80|FOLATES:0.65|VITB12:0.90|VITA:0.90|CAROTENE_B:0.90|VITE:0.90|VITD:0.95|VITB5:0.80|MINERALS:0.95|K:0.90,0.4,Ordres de grandeur par groupe d'aliments : USDA Table of Nutrient Retention Factors Release 6 (2007) ; Bognár (2002),facteur générique (groupe non spécifique)
PF-other-steamed,other,steamed,1.00,0,1,VITC:0.75|THIAMIN:0.85|RIBOFLAVINE:0.90|NIACINE:0.85|VITB6:0.85|FOLATES:0.75|VITB12:0.95|VITA:0.95|CAROTENE_B:0.95|VITE:0.95|VITD:0.95|VITB5:0.90,0.4,Ordres de grandeur par groupe d'aliments : USDA Table of Nutrient Retention Factors Release 6 (2007) ; Bognár (2002),facteur générique (groupe non spécifique)
PF-other-sauteed,other,sauteed,0.95,0,1,VITC:0.75|THIAMIN:0.85|RIBOFLAVINE:0.90|NIACINE:0.85|VITB6:0.85|FOLATES:0.75|VITB12:0.90|VITA:0.90|CAROTENE_B:0.90|VITE:0.90|VITD:0.90|VITB5:0.85,0.4,Ordres de grandeur par groupe d'aliments : USDA Table of Nutrient Retention Factors Release 6 (2007) ; Bognár (2002),facteur générique (groupe non spécifique)
PF-other-roasted,other,roasted,0.90,0,1,VITC:0.70|THIAMIN:0.80|RIBOFLAVINE:0.90|NIACINE:0.85|VITB6:0.80|FOLATES:0.70|VITB12:0.85|VITA:0.90|CAROTENE_B:0.90|VITE:0.90|VITD:0.90|VITB5:0.85,0.4,Ordres de grandeur par groupe d'aliments : USDA Table of Nutrient Retention Factors Release 6 (2007) ; Bognár (2002),facteur générique (groupe non spécifique)
PF-other-grilled,other,grilled,0.90,0,1,VITC:0.70|THIAMIN:0.80|RIBOFLAVINE:0.90|NIACINE:0.85|VITB6:0.80|FOLATES:0.70|VITB12:0.85|VITA:0.90|CAROTENE_B:0.90|VITE:0.90|VITD:0.90|VITB5:0.85,0.4,Ordres de grandeur par groupe d'aliments : USDA Table of Nutrient Retention Factors Release 6 (2007) ; Bognár (2002),facteur générique (groupe non spécifique)
PF-other-fried,other,fried,0.90,0,1,VITC:0.70|THIAMIN:0.80|RIBOFLAVINE:0.90|NIACINE:0.85|VITB6:0.80|FOLATES:0.70|VITB12:0.85|VITA:0.85|CAROTENE_B:0.85|VITE:0.85|VITD:0.85|VITB5:0.85,0.4,Ordres de grandeur par groupe d'aliments : USDA Table of Nutrient Retention Factors Release 6 (2007) ; Bognár (2002),facteur générique (groupe non spécifique)
PF-other-stewed,other,stewed,1.00,0,1,VITC:0.60|THIAMIN:0.70|RIBOFLAVINE:0.85|NIACINE:0.80|VITB6:0.75|FOLATES:0.65|VITB12:0.85|VITA:0.90|CAROTENE_B:0.90|VITE:0.90|VITD:0.90|VITB5:0.80,0.4,Ordres de grandeur par groupe d'aliments : USDA Table of Nutrient Retention Factors Release 6 (2007) ; Bognár (2002),facteur générique (groupe non spécifique)
PF-other-baked,other,baked,0.90,0,1,VITC:0.70|THIAMIN:0.80|RIBOFLAVINE:0.90|NIACINE:0.85|VITB6:0.80|FOLATES:0.75|VITB12:0.85|VITA:0.90|CAROTENE_B:0.90|VITE:0.90|VITD:0.90|VITB5:0.85,0.4,Ordres de grandeur par groupe d'aliments : USDA Table of Nutrient Retention Factors Release 6 (2007) ; Bognár (2002),facteur générique (groupe non spécifique)
