canonical_name_fr,remove,add,note
Lait de coco,peanuts,,La noix de coco n'est pas une arachide (étiquette erronée du référentiel).
Boisson de soja,peanuts,soy,Boisson à base de soja : soja et non arachide (étiquette erronée du référentiel).
Boisson d'avoine,peanuts,,Boisson d'avoine : pas d'arachide (étiquette erronée du référentiel) ; l'avoine relève du gluten.
Boisson de riz,peanuts,,Boisson de riz : pas d'arachide (étiquette erronée du référentiel).
Jus d'orange,peanuts,,Jus de fruit : pas d'arachide (étiquette erronée systématique de la catégorie « soft/ingrédient cocktail »).
Jus de citron,peanuts,,Jus de fruit : pas d'arachide (étiquette erronée systématique de la catégorie « soft/ingrédient cocktail »).
Jus d'ananas,peanuts,,Jus de fruit : pas d'arachide (étiquette erronée systématique de la catégorie « soft/ingrédient cocktail »).
Jus de cranberry,peanuts,,Jus de fruit : pas d'arachide (étiquette erronée systématique de la catégorie « soft/ingrédient cocktail »).
Jus de tomate,peanuts,,Jus de légume : pas d'arachide (étiquette erronée systématique de la catégorie « soft/ingrédient cocktail »).
Jus de pomme,peanuts,,Jus de fruit : pas d'arachide (étiquette erronée systématique de la catégorie « soft/ingrédient cocktail »).
Jus de raisin,peanuts,,Jus de fruit : pas d'arachide (étiquette erronée systématique de la catégorie « soft/ingrédient cocktail »).
Sirop de sucre (sirop simple),peanuts,,Sirop de sucre : pas d'arachide (étiquette erronée systématique de la catégorie « soft/ingrédient cocktail »).
Kombucha,peanuts,,Thé fermenté : pas d'arachide (étiquette erronée systématique de la catégorie « soft/ingrédient cocktail »).
Tonic water,peanuts,,Boisson : pas d'arachide (étiquette erronée systématique de la catégorie « soft/ingrédient cocktail »).
Cola (générique),peanuts,,Boisson : pas d'arachide (étiquette erronée systématique de la catégorie « soft/ingrédient cocktail »).
Crème de coco,milk,,Crème végétale de coco classée « produit laitier » au référentiel : pas de lait.
