allergen,name_pattern,exclude_pattern,category_pattern,note
gluten,"\b(ble|froment|epeautre|seigle|orge|avoine|kamut|triticale|semoule|boulgour|couscous|seitan|malt|chapelure|biscuit|brioche|pain|pates? (alimentaires?|fraiches?|seches?)|spaghetti|tagliatelle|lasagne|macaroni|nouilles?|biere)\b|^pate (brisee|feuilletee|sablee|a choux|levee|a pain|a pizza|a tarte)|^sauce soja|^levain","sarrasin|\bble noir\b|sirop de ble|\bde mer\b|mais|riz|millet|sorgho|quinoa|amarante|pomme de terre|patate|farine de coco|sans gluten|de riz","","Céréales contenant du gluten (blé, seigle, orge, avoine, épeautre, kamut) et produits dérivés, dont bière et sauce soja brassée au blé."
crustaceans,"\b(crevettes?|homards?|langoustes?|langoustines?|crabes?|ecrevisses?|gambas|tourteau|etrilles?)\b","","^crustace","Crustacés et produits à base de crustacés."
eggs,"\b(oeufs?|jaunes? d'oeufs?|blancs? d'oeufs?|mayonnaise|meringue)\b|^pate a choux","","^oeuf","Œufs et produits à base d'œufs."
fish,"\b(poissons?|anchois|sardines?|saumon|thon|cabillaud|morue|merlu|colin|maquereau|truite|bar|dorade|sole|lotte|hareng|eglefin|haddock|nuoc|fumet de poisson|sauce poisson|bonite|katsuobushi|dashi)\b","groseille a maquereau","^poisson","Poissons et produits à base de poissons (dont sauce poisson, dashi à la bonite)."
peanuts,"\b(arachides?|cacahuetes?)\b","","","Arachides et produits à base d'arachides."
soy,"\b(soja|tofu|tempeh|miso|edamame|natto|shoyu|tamari)\b","germes? de soja|pousses? de soja","","Soja et produits à base de soja (les « germes de soja » du commerce sont des haricots mungo : exclus)."
milk,"\b(lait|lactoserum|petit-lait|babeurre|beurre|creme|fromages?|yaourts?|mozzarella|parmesan|ricotta|mascarpone|burrata|feta|comte|emmental|gruyere|camembert|brie|roquefort|chevre|ghee|kefir|skyr|lactose|caseine)\b|^pate (brisee|feuilletee|sablee|a choux)|^brioche|^chocolat au lait","lait de coco|creme de coco|lait d'amande|lait de soja|lait de riz|lait d'avoine|boisson (de soja|d'amande|d'avoine|de riz)|beurre de (cacao|cacahuete|arachide|amande|noisette|cajou|pistache|noix|karite|sesame)|creme de (tartre|marrons?|sesame|cassis|coco)|laitue","^produit laitier","Lait et produits laitiers (y compris le lactose) ; les laits végétaux, beurres d'oléagineux et crèmes non laitières sont exclus."
nuts,"\b(amandes?|noisettes?|noix|cajou|pecan|pistaches?|macadamia|noix du bresil|praline|massepain|frangipane)\b","noix de (coco|muscade|saint-jacques)|noix de veau","","Fruits à coque (amande, noisette, noix, cajou, pécan, pistache, macadamia, noix du Brésil) ; la noix de coco et la muscade ne sont pas concernées."
celery,"\b(celeri|celeri-rave|celeri branche)\b","","","Céleri et produits à base de céleri."
mustard,"\bmoutarde\b","","","Moutarde et produits à base de moutarde."
sesame,"\b(sesame|tahini|tahin|gomasio|halva)\b","","","Graines de sésame et produits à base de sésame."
sulphites,"^vins?\b|^vinaigre (de vin|balsamique)|^porto|^madere|^xeres|^champagne|^cidre|^vermouth|^marsala","","^vin","Anhydride sulfureux et sulfites (> 10 mg/kg) : vins, vinaigres de vin et dérivés."
lupin,"\blupin\b","","","Lupin et produits à base de lupin."
mollusks,"\b(moules?|huitres?|calamars?|encornets?|seiches?|poulpes?|coquilles? saint-jacques|saint-jacques|escargots?|bulots?|palourdes?|coques|petoncles?|ormeaux?|bigorneaux?)\b","","^mollusque","Mollusques et produits à base de mollusques."
