canonical_name_fr,fda_item,match_type,note
Pomme crue,"Apple, eating",equivalent,
Pomme cuite,"Apple, baked with sugar",proxy,pomme cuite au four avec sucre
Compote de pomme,"Apples, Sauce",equivalent,
Jus de pomme,"Apples, Juice",equivalent,
Abricot crue,Apricots,equivalent,
Confiture d'abricot,"Jam, fruit",proxy,confiture de fruits
Confiture de fraise,Strawberry Jam,equivalent,
Marmelade d'orange,"Orange, Marmalade",equivalent,
Banane,Bananas,equivalent,
Betterave,Beets,equivalent,
Mûre crue,"Blackberries, Washington",equivalent,
Myrtille crue,"Blueberries, Maine",equivalent,
Brocoli,"Broccoli, cooked",proxy,brocoli cuit (pas de valeur crue)
Babeurre,Buttermilk,equivalent,
Lait ribot,Buttermilk,proxy,babeurre
Chou blanc,"Cabbage, White",equivalent,
Chou rouge,"Cabbage, Red",equivalent,
Chou vert,"Cabbage, Green",equivalent,
Chou frisé,"Cabbage, Savoy",proxy,chou de Milan
Calmar,Calamary (Squid),equivalent,
Melon,Cantaloupe,equivalent,
Carotte,Carrots,equivalent,
Chou-fleur,Cauliflower,equivalent,
Céleri branche,Celery,equivalent,
Céleri-rave,"Celery Knob, cooked",proxy,céleri-rave cuit
Camembert,"Cheese, Camembert",equivalent,
Cheddar,"Cheese, Cheddar",equivalent,
Fromage frais,"Cheese, Cream, Philadelphia",proxy,fromage frais à tartiner
Roquefort,"Cheese, Roquefort",equivalent,
Parmigiano Reggiano,"Cheese, Parmesan",equivalent,
Gruyère,"Cheese, Swiss Gruyere",equivalent,
Comté,"Cheese, Swiss Gruyere",proxy,gruyère (pâte pressée cuite)
Emmental,"Cheese, Swiss Gruyere",proxy,gruyère (pâte pressée cuite)
Cerise crue,"Cherries, California",equivalent,
Ciboulette,Chives,equivalent,
Palourde,Clams,equivalent,
Lait de coco,Coconut milk,equivalent,
Cabillaud,"Codfish, boiled",proxy,cabillaud cuit
Maïs grain,Corn,equivalent,
Crabe,Crab meat,equivalent,
Jus de cranberry,"Cranberry Juice, canned",equivalent,
Crème liquide allégée,"Cream, 20 per cent",equivalent,
Crème liquide entière,"Cream, 40 per cent",proxy,crème 40 %
Crème double,"Cream, 40 per cent",equivalent,
Crème de coco,"Cream of Coconut, canned",equivalent,
Concombre,Cucumbers,equivalent,
Cornichon aigre-doux,"Cucumbers, pickled",equivalent,
Seiche,Cuttlefish,equivalent,
Aubergine,Eggplant,equivalent,
Œuf de poule,"Eggs, new-laid, whole",equivalent,œuf du jour ; le blanc s'alcalinise pendant le stockage (jusqu'à pH 9)
Blanc d'œuf,"Eggs, new-laid, whole, White",equivalent,œuf du jour ; le blanc s'alcalinise pendant le stockage (jusqu'à pH 9)
Jaune d'œuf,"Eggs, new-laid, whole, Yolk",equivalent,
Endive,Chicory,proxy,chicorée
Ail,Garlic,equivalent,
Gélatine,"Gelatin, plain jell",proxy,gelée de gélatine nature
Gingembre,Ginger,equivalent,
Groseille à maquereau crue,Gooseberries,equivalent,
Raisin frais,"Grapes, Seedless",equivalent,
Pamplemousse cru,Grapefruit,equivalent,
Hareng,Herring,equivalent,
Miel,Honey,equivalent,
Ketchup,Ketchup,equivalent,
Poireau,Leeks,equivalent,
Jus de citron,Lemon Juice,equivalent,
Citron jaune cru,Lemon Juice,proxy,jus de citron
Lentille verte cuit,"Lentils, cooked",equivalent,
Lentille corail cuit,"Lentils, cooked",equivalent,
Lentille noire cuit,"Lentils, cooked",equivalent,
Laitue,Lettuce,equivalent,
Citron vert cru,Lime,equivalent,
Homard,"Lobster, cooked",proxy,homard cuit
Litchi,Lychee,equivalent,
Maquereau,"Mackerel, King, boiled",proxy,maquereau cuit
Mangue crue,"Mangoes, ripe",equivalent,
Sirop d'érable,Maple syrup,equivalent,
Lait entier,"Milk, cow",equivalent,
Lait demi-écrémé,"Milk, cow",equivalent,
Lait écrémé,"Milk, cow",equivalent,
Lait cru,"Milk, cow",equivalent,
Lait UHT,"Milk, cow",equivalent,
Lait concentré sucré,"Milk, condensed",equivalent,
Lait concentré non sucré,"Milk, evaporated",equivalent,
Lait de chèvre,"Milk, Goat's",equivalent,
Mélasse,Molasses,equivalent,
Champignon de Paris,Mushrooms,equivalent,
Moule,Mussels,equivalent,
Moutarde de Dijon,Mustard,equivalent,
Moutarde à l'ancienne,Mustard,equivalent,
Moutarde de Meaux,Mustard,equivalent,
Pêche crue,Peaches,equivalent,
Poulpe,Octopus,equivalent,
Olive verte en saumure,"Olives, green, fermented",equivalent,
Oignon,"Onions, yellow",equivalent,
Orange cru,"Oranges, Florida",equivalent,
Jus d'orange,"Orange Juice, California",equivalent,
Huître,Oysters,equivalent,
Pleurote,Oyster mushrooms,equivalent,
Papaye,Papaya,equivalent,
Persil,Parsley,equivalent,
Panais,Parsnip,equivalent,
Beurre de arachide,Peanut Butter,equivalent,
Pois chiche cuit,"Peas, Chick, Garbanzo",equivalent,
Pois cassé cuit,"Peas, dried (split green), cooked",equivalent,
Pois cuit,"Peas, cooked",equivalent,
Poivron vert,"Peppers, green",equivalent,
Poivron rouge,Peppers,equivalent,
Kaki,Persimmons,equivalent,
Ananas,Pineapple,equivalent,
Jus d'ananas,"Pineapple Juice, canned",equivalent,
Prune crue,"Plums, Red",equivalent,
Grenade,Pomegranate,equivalent,
Pomme de terre,Potatoes,equivalent,
Patate douce,Sweet Potatoes,equivalent,
Potiron,Pumpkin,equivalent,
Courge butternut,Pumpkin,proxy,potiron
Radis,"Radishes, red",equivalent,
Raisin sec,"Raisins, seedless",equivalent,
Framboise crue,Raspberries,equivalent,
Riz grain,"Rice (all cooked), White",proxy,riz blanc cuit
Saumon,"Salmon, fresh, boiled",proxy,saumon cuit
Sardine,Sardines,equivalent,
Sauce nuoc-mâm,"Sauce, Fish",equivalent,
Sauce de poisson (Viet),"Sauce, Fish",equivalent,
Pickle de chou,Sauerkraut,equivalent,
Coquille Saint-Jacques,Scallop,equivalent,
Échalote,"Shallots, cooked",proxy,échalote cuite
Crevette,Shrimp,equivalent,
Sauce soja,Soy Sauce,equivalent,
Shoyu,Soy Sauce,equivalent,
Sauce tamari,Soy Sauce,proxy,sauce soja
Boisson de soja,Soybean milk,equivalent,
Épinard,Spinach,equivalent,
Pousses d'épinard,Spinach,equivalent,
Fraise crue,Strawberries,equivalent,
Bette,"Swiss Chard, cooked",proxy,bette cuite
Mandarine cru,Tangerine,equivalent,
Thé noir,Tea,equivalent,
Tomate fraîche,Tomatoes,equivalent,
Concentré de tomate,"Tomatoes, Paste",equivalent,
Coulis de tomate,"Tomatoes, Puree",equivalent,
Jus de tomate,"Tomatoes, Juice",equivalent,
Truite,"Trout, Sea, sauted",proxy,truite de mer cuite
Truffe noire,Truffle,equivalent,
Thon,"Tuna Fish, canned",proxy,thon en conserve
Navet,Turnips,equivalent,
Vinaigre blanc,Vinegar,equivalent,
Vinaigre de vin rouge,Vinegar,equivalent,
Vinaigre de cidre,"Vinegar, cider",equivalent,
Noix crue,"Walnuts, English",equivalent,
Cresson,Watercress,equivalent,
Pastèque,Watermelon,equivalent,
Levure boulangère fraîche,Yeast,equivalent,
Courgette,"Zucchini, cooked",proxy,courgette cuite
Xérès (Sherry),Sherry-wine,equivalent,
Kombu,Kelp,equivalent,
