canonical_name_fr,fdc_id,density,piece,gousse,brin,feuille,branche,tranche,note
Pomme crue,171688,,medium,,,,,,pomme moyenne avec peau
Orange cru,169097,,fruit (2-5/8,,,,,,orange moyenne
Citron jaune cru,167746,,fruit (2-3/8,,,,,wedge or slice,citron moyen sans peau
Citron vert cru,168155,,fruit,,,,,,citron vert moyen
Mandarine cru,169105,,medium,,,,,,mandarine moyenne
Abricot crue,171697,,apricot,,,,,,abricot
Prune crue,169949,,fruit,,,,,,prune
Mangue crue,169910,,fruit without refuse,,,,,,chair d'une mangue
Banane,173944,,medium,,,,,,banane moyenne
Kiwi,168153,,fruit,,,,,,kiwi
Pêche crue,169928,,medium,,,,,,pêche moyenne
Tomate fraîche,170457,,medium whole,,,,,,tomate moyenne
Poivron rouge,170108,tablespoon,medium,,,,,,poivron moyen
Poivron vert,170427,tbsp,medium,,,,,,poivron moyen
Aubergine,169228,cup,,,,,,,1 tasse en cubes (calibre français : pièce par règle)
Courgette,169291,,medium,,,,,slice,courgette moyenne
Concombre,168409,,cucumber,,,,,,concombre entier
Oignon,170000,tbsp chopped,medium,,,,,"slice, medium",oignon moyen ; 1 c. à soupe haché
Échalote,170499,tbsp chopped,,,,,,,1 c. à soupe hachée
Ail,169230,tsp,,clove,,,,,1 gousse ≈ 3 g
Carotte,170393,,medium,,,,,,carotte moyenne
Pomme de terre,170026,,Potato medium,,,,,,pomme de terre moyenne
Patate douce,168482,,sweetpotato,,,,,,patate douce (13 cm)
Poireau,169246,,leek,,,,,slice,poireau
Céleri branche,169988,tbsp,,,,,"stalk, medium",,branche moyenne
Navet,170465,,medium,,,,,slice,navet moyen
Betterave,169145,,beet,,,,,,betterave (5 cm)
Radis,169276,,medium,,,,,slice,radis moyen
Œuf de poule,171287,cup,large,,,,,,œuf gros calibre sans coquille
Jaune d'œuf,172184,cup,large,,,,,,jaune d'un gros œuf
Blanc d'œuf,172183,cup,large,,,,,,blanc d'un gros œuf
Farine de blé tendre,168894,cup,,,,,,,farine tout usage
Farine de seigle,168885,cup,,,,,,,farine de seigle
Farine de sarrasin,170687,cup,,,,,,,farine de sarrasin
Farine de riz,169714,cup,,,,,,,farine de riz
Amidon de maïs natif,169698,cup,,,,,,,fécule de maïs
Sucre blanc,169655,tsp,,,,,,,sucre en poudre
Sucre glace,169656,tbsp unsifted,,,,,,,sucre glace non tamisé
Sucre roux,168833,tsp unpacked,,,,,,,sucre roux non tassé
Cassonade,168833,tsp unpacked,,,,,,,cassonade non tassée
Miel,169640,tbsp,,,,,,,miel
Sirop d'érable,169661,tbsp,,,,,,,sirop d'érable
Mélasse,168820,tbsp,,,,,,,mélasse
Sel fin,173468,tsp,,,,,,,sel de table
Bicarbonate de soude,175040,tsp,,,,,,,bicarbonate
Levure chimique,172803,tsp,,,,,,,levure chimique
Levure boulangère sèche,175043,tsp,,,,,,,levure sèche active
Cacao en poudre,169593,tbsp,,,,,,,cacao non sucré
Beurre doux,173430,tbsp,,,,,,,beurre
Beurre demi-sel,173430,tbsp,,,,,,,beurre
Huile d'olive,171413,tablespoon,,,,,,,huile d'olive
Huile d'olive vierge extra,171413,tablespoon,,,,,,,huile d'olive
Huile de colza,172336,tbsp,,,,,,,huile de colza
Huile de tournesol,171017,tbsp,,,,,,,huile de tournesol
Crème liquide entière,170859,tbsp,,,,,,,crème liquide entière
Lait entier,171265,tbsp,,,,,,,lait entier
Yaourt nature,171284,cup (8 fl oz),,,,,,,yaourt nature
Parmigiano Reggiano,171247,tbsp,,,,,,,parmesan râpé
Flocons de avoine,173904,cup,,,,,,,flocons d'avoine
Riz grain,168877,cup,,,,,,,riz blanc cru
Lentille verte sec,172420,tablespoon,,,,,,,lentilles sèches
Lentille corail sec,172420,tablespoon,,,,,,,lentilles sèches
Poivre noir,170931,"tsp, ground",,,,,,,poivre moulu
Cannelle,171320,tsp,,,,,,,cannelle moulue
Paprika,171329,tsp,,,,,,,paprika
Graine de cumin,170923,"tsp, whole",,,,,,,cumin en graines
Cumin moulu,170923,"tsp, whole",,,,,,,cumin (graines ; valeur approchée pour la poudre)
Curcuma,172231,tsp,,,,,,,curcuma moulu
Gingembre,170926,tsp,,,,,,,gingembre moulu
Muscade,171326,tsp,,,,,,,muscade moulue
Clou de girofle,171321,tsp,,,,,,,girofle moulu
Curry en poudre,170924,tsp,,,,,,,curry en poudre
Piment de Cayenne,170932,tsp,,,,,,,piment de Cayenne
Graine de coriandre,170922,tsp,,,,,,,coriandre en graines
Graine de pavot,171330,tsp,,,,,,,graines de pavot
Graine de moutarde,170929,tsp,,,,,,,graines de moutarde moulues
Graine de sésame,170150,tbsp,,,,,,,graines de sésame
Graine de lin,169414,"tbsp, whole",,,,,,,graines de lin entières
Basilic,172232,,,,,leaves,,,"1 feuille ≈ 0,5 g"
Persil,170416,tbsp,,,sprigs,,,,1 brin ≈ 1 g
Coriandre fraîche,169997,,,,sprigs,,,,1 brin ≈ 2 g
Ciboulette,169994,tbsp chopped,,,,,,,1 c. à soupe ciselée ≈ 3 g
Menthe,173474,,,,,leaves,,,"1 feuille ≈ 0,05 g"
Vinaigre de cidre,173469,tbsp,,,,,,,vinaigre
Vinaigre de vin rouge,172240,tbsp,,,,,,,vinaigre
Vinaigre blanc,173469,tbsp,,,,,,,vinaigre
Sauce soja,174277,tbsp,,,,,,,sauce soja
Shoyu,174277,tbsp,,,,,,,sauce soja
Ketchup,168556,tbsp,,,,,,,ketchup
Moutarde de Dijon,172234,tsp or 1 packet,,,,,,,moutarde
Mayonnaise,171009,tbsp,,,,,,,mayonnaise
Concentré de tomate,170459,tbsp,,,,,,,concentré de tomate
Confiture de fraise,169641,tbsp,,,,,,,confiture
Confiture d'abricot,170645,tbsp,,,,,,,confiture d'abricot
Amande crue,170158,cup whole kernels,,,,,,,amandes entières
Noix crue,170187,cup shelled,,,,,,,cerneaux de noix
Pignon de pin crue,170591,cup,,,,,,,pignons
Gélatine en poudre,169599,envelope,,,,,,,1 sachet ≈ 7 g
